<?xml version="1.0" encoding="UTF-8"?>
<!--DayZ CE tool project file-->
<zg-config>
    <!--GUI props-->
    <selected row="34"/>
    <global>
        <background file="map.png" rgba="33554432"/>
        <layer size="4096"/>
        <world size="10240"/>
    </global>
    <areas>
        <usages>
            <usage name="Military"/>
            <usage name="Police"/>
            <usage name="Medic"/>
            <usage name="Firefighter"/>
            <usage name="Industrial"/>
            <usage name="Farm"/>
            <usage name="Coast"/>
            <usage name="Town"/>
            <usage name="Village"/>
            <usage name="Hunting"/>
            <usage name="Office"/>
            <usage name="School"/>
            <usage name="Prison"/>
            <usage name="Lunapark"/>
            <usage name="SeasonalEvent"/>
            <usage name="ContaminatedArea"/>
        </usages>
        <values>
            <value name="Tier1"/>
            <value name="Tier2"/>
            <value name="Tier3"/>
            <value name="Tier4"/>
            <value name="Unique"/>
        </values>
    </areas>
    <brush color="4294967040" outline="0" outline_color="2" outline_width="1" size="39"/>
    <!--Layers-->
    <layers>
        <layer usage_flags="0" value_flags="0" color="4279068654" visible="0" name="water-fresh"/>
        <layer usage_flags="0" value_flags="0" color="4283726062" visible="0" name="keyPoint-Churches"/>
        <layer usage_flags="0" value_flags="1" color="2041768959" visible="1" name="valueFlg_Tier1"/>
        <layer usage_flags="0" value_flags="2" color="3844369007" visible="1" name="valueFlg_Tier2"/>
        <layer usage_flags="0" value_flags="4" color="3226677759" visible="1" name="valueFlg_Tier3"/>
        <layer usage_flags="0" value_flags="8" color="3857032449" visible="1" name="valueFlg_Tier4"/>
        <layer usage_flags="0" value_flags="0" color="3254779903" visible="0" name="usgFlg_Def-All"/>
        <layer usage_flags="0" value_flags="16" color="1727266560" visible="0" name="valueFlg_Unique"/>
        <layer usage_flags="0" value_flags="0" color="4290904063" visible="0" name="usgFlg_Def-Coast"/>
        <layer usage_flags="32" value_flags="0" color="4286997844" visible="0" name="usgFlg_Def-Farm"/>
        <layer usage_flags="0" value_flags="0" color="4281118050" visible="0" name="usgFlg_Def-Firefighter"/>
        <layer usage_flags="0" value_flags="0" color="4284284695" visible="0" name="usgFlg_Def-Hunting"/>
        <layer usage_flags="0" value_flags="0" color="2315220438" visible="0" name="usgFlg_Def-Industrial"/>
        <layer usage_flags="0" value_flags="0" color="4281475327" visible="0" name="usgFlg_Def-Medic"/>
        <layer usage_flags="0" value_flags="0" color="4294910483" visible="0" name="usgFlg_Def-Military"/>
        <layer usage_flags="0" value_flags="0" color="4284284695" visible="0" name="usgFlg_Def-Office"/>
        <layer usage_flags="0" value_flags="0" color="4294901764" visible="0" name="usgFlg_Def-Police"/>
        <layer usage_flags="0" value_flags="0" color="4278190080" visible="0" name="usgFlg_Def-Prison"/>
        <layer usage_flags="0" value_flags="0" color="4294963488" visible="0" name="usgFlg_Def-Town"/>
        <layer usage_flags="0" value_flags="0" color="4284284695" visible="0" name="usgFlg_Def-School"/>
        <layer usage_flags="0" value_flags="0" color="4291919127" visible="0" name="usgFlg_Def-Village"/>
        <layer usage_flags="64" value_flags="0" color="4280051624" visible="0" name="usgFlg_Paint-Coast"/>
        <layer usage_flags="32" value_flags="0" color="3244378930" visible="0" name="usgFlg_Paint-Farm"/>
        <layer usage_flags="8" value_flags="0" color="2336410443" visible="0" name="usgFlg_Paint-Firefighter"/>
        <layer usage_flags="512" value_flags="0" color="2338992993" visible="0" name="usgFlg_Paint-Hunting"/>
        <layer usage_flags="16" value_flags="0" color="2999919256" visible="0" name="usgFlg_Paint-Industrial"/>
        <layer usage_flags="4" value_flags="0" color="2605949096" visible="0" name="usgFlg_Paint-Medic"/>
        <layer usage_flags="1" value_flags="0" color="1220870144" visible="0" name="usgFlg_Paint-Military"/>
        <layer usage_flags="1024" value_flags="0" color="3429221818" visible="0" name="usgFlg_Paint-Office"/>
        <layer usage_flags="2" value_flags="0" color="2018331981" visible="0" name="usgFlg_Paint-Police"/>
        <layer usage_flags="4096" value_flags="0" color="4278190080" visible="0" name="usgFlg_Paint-Prison"/>
        <layer usage_flags="2048" value_flags="0" color="2015448659" visible="0" name="usgFlg_Paint-School"/>
        <layer usage_flags="128" value_flags="0" color="2026950694" visible="0" name="usgFlg_Paint-Town"/>
        <layer usage_flags="256" value_flags="0" color="2612958014" visible="0" name="usgFlg_Paint-Village"/>
        <layer usage_flags="8192" value_flags="0" color="2612940979" visible="0" name="usgFlg_Paint-Lunapark"/>
        <layer usage_flags="32769" value_flags="0" color="1960902469" visible="0" name="usgFlg_Paint-Contamination"/>
    </layers>
    <!--Territories-->
    <territory-type-list>
            <territory-type name="sheep_goat_territories">
            <territory name="farms" visible="1" color="1660878848">
                <zone name="Graze" smin="0" smax="0" dmin="0" dmax="0" x="9453.64" z="8449.09" r="75" d="25"/>
                <zone name="Graze" smin="0" smax="0" dmin="0" dmax="0" x="8490" z="9425" r="75" d="25"/>
                <zone name="Graze" smin="0" smax="0" dmin="0" dmax="0" x="6761.11" z="10021.1" r="75" d="25"/>
                <zone name="Graze" smin="0" smax="0" dmin="0" dmax="0" x="6264.29" z="7675.71" r="75" d="25"/>
                <zone name="Graze" smin="0" smax="0" dmin="0" dmax="0" x="2482" z="5160" r="75" d="25"/>
                <zone name="Graze" smin="0" smax="0" dmin="0" dmax="0" x="1690" z="6088" r="75" d="25"/>
                <zone name="Graze" smin="0" smax="0" dmin="0" dmax="0" x="3146" z="2105" r="75" d="25"/>
                <zone name="Graze" smin="0" smax="0" dmin="0" dmax="0" x="2831.5" z="2569.5" r="75" d="25"/>
                <zone name="Graze" smin="0" smax="0" dmin="0" dmax="0" x="8183.75" z="7142.5" r="50" d="25"/>
                <zone name="Graze" smin="0" smax="0" dmin="0" dmax="0" x="5790" z="9783.33" r="50" d="25"/>
                <zone name="Graze" smin="0" smax="0" dmin="0" dmax="0" x="5911.67" z="9011.67" r="50" d="25"/>
                <zone name="Graze" smin="0" smax="0" dmin="0" dmax="0" x="8820" z="1548" r="50" d="25"/>
                <zone name="Graze" smin="0" smax="0" dmin="0" dmax="0" x="7456" z="1420" r="50" d="25"/>
                <zone name="Graze" smin="0" smax="0" dmin="0" dmax="0" x="5892.86" z="710" r="50" d="25"/>
                <zone name="Graze" smin="0" smax="0" dmin="0" dmax="0" x="4238.33" z="1493.06" r="50" d="25"/>
                <zone name="Graze" smin="0" smax="0" dmin="0" dmax="0" x="3505.56" z="1225.28" r="50" d="25"/>
                <zone name="Graze" smin="0" smax="0" dmin="0" dmax="0" x="6676" z="4606" r="50" d="25"/>
                <zone name="Graze" smin="0" smax="0" dmin="0" dmax="0" x="4028.33" z="9406.67" r="50" d="25"/>
                <zone name="Graze" smin="0" smax="0" dmin="0" dmax="0" x="3360" z="6640" r="50" d="25"/>
                <zone name="Graze" smin="0" smax="0" dmin="0" dmax="0" x="7010" z="8990" r="50" d="25"/>
                <zone name="Graze" smin="0" smax="0" dmin="0" dmax="0" x="4223.33" z="8878.33" r="50" d="25"/>
                <zone name="Graze" smin="0" smax="0" dmin="0" dmax="0" x="4792.5" z="1225" r="50" d="25"/>
                <zone name="Graze" smin="0" smax="0" dmin="0" dmax="0" x="6266.67" z="4698.89" r="50" d="25"/>
                <zone name="Graze" smin="0" smax="0" dmin="0" dmax="0" x="9441.25" z="4465" r="50" d="25"/>
                <zone name="Graze" smin="0" smax="0" dmin="0" dmax="0" x="8452" z="6042" r="50" d="25"/>
            </territory>
        </territory-type>
        <territory-type name="wild_boar_territories">
            <territory name="wild" visible="1" color="1426051035">
                <zone name="HuntingGround" smin="0" smax="0" dmin="0" dmax="0" x="4043.33" z="5509.17" r="300" d="25"/>
                <zone name="HuntingGround" smin="0" smax="0" dmin="0" dmax="0" x="8103.33" z="1323.33" r="300" d="25"/>
                <zone name="HuntingGround" smin="0" smax="0" dmin="0" dmax="0" x="7303.33" z="7653.33" r="300" d="25"/>
                <zone name="HuntingGround" smin="0" smax="0" dmin="0" dmax="0" x="466.667" z="9296.67" r="75" d="25"/>
                <zone name="HuntingGround" smin="0" smax="0" dmin="0" dmax="0" x="2120" z="5380" r="300" d="25"/>
                <zone name="HuntingGround" smin="0" smax="0" dmin="0" dmax="0" x="8550" z="1835" r="75" d="25"/>
                <zone name="HuntingGround" smin="0" smax="0" dmin="0" dmax="0" x="160" z="2220" r="75" d="25"/>
                <zone name="HuntingGround" smin="0" smax="0" dmin="0" dmax="0" x="4365" z="3780" r="75" d="25"/>
                <zone name="HuntingGround" smin="0" smax="0" dmin="0" dmax="0" x="8240" z="6205" r="75" d="25"/>
            </territory>
        </territory-type>
        <territory-type name="bear_territories">
            <territory name="more bears" visible="1" color="3355411788">
                <zone name="HuntingGround" smin="0" smax="0" dmin="0" dmax="0" x="2145" z="9940" r="100" d="25"/>
                <zone name="HuntingGround" smin="0" smax="0" dmin="0" dmax="0" x="680" z="3090" r="400" d="25"/>
                <zone name="HuntingGround" smin="0" smax="0" dmin="0" dmax="0" x="3880" z="175" r="150" d="25"/>
                <zone name="HuntingGround" smin="0" smax="0" dmin="0" dmax="0" x="9781" z="6171" r="75" d="25"/>
                <zone name="HuntingGround" smin="0" smax="0" dmin="0" dmax="0" x="8350" z="8885" r="50" d="25"/>
                <zone name="HuntingGround" smin="0" smax="0" dmin="0" dmax="0" x="765" z="155" r="75" d="25"/>
            </territory>
        </territory-type>
        <territory-type name="wolf_territories">
            <territory name="scattered" visible="1" color="2382409471">
                <zone name="HuntingGround" smin="0" smax="0" dmin="0" dmax="0" x="8850" z="5000" r="150" d="25"/>
                <zone name="HuntingGround" smin="0" smax="0" dmin="0" dmax="0" x="6640.48" z="6740.83" r="150" d="25"/>
                <zone name="HuntingGround" smin="0" smax="0" dmin="0" dmax="0" x="5490" z="6255" r="100" d="25"/>
                <zone name="HuntingGround" smin="0" smax="0" dmin="0" dmax="0" x="2435" z="9360" r="200" d="25"/>
                <zone name="HuntingGround" smin="0" smax="0" dmin="0" dmax="0" x="3180" z="420" r="275" d="25"/>
                <zone name="Water" smin="0" smax="0" dmin="0" dmax="0" x="815" z="3860" r="150" d="25"/>
                <zone name="HuntingGround" smin="0" smax="0" dmin="0" dmax="0" x="9440" z="9315" r="100" d="25"/>
                <zone name="HuntingGround" smin="0" smax="0" dmin="0" dmax="0" x="5160" z="8640" r="75" d="25"/>
                <zone name="HuntingGround" smin="0" smax="0" dmin="0" dmax="0" x="5320" z="1340" r="50" d="25"/>
                <zone name="HuntingGround" smin="0" smax="0" dmin="0" dmax="0" x="4890" z="4200" r="50" d="25"/>
                <zone name="HuntingGround" smin="0" smax="0" dmin="0" dmax="0" x="410" z="9860" r="50" d="25"/>
            </territory>
        </territory-type>
        <territory-type name="pig_territories">
            <territory name="everywhere" visible="1" color="4294923775">
                <zone name="Graze" smin="0" smax="0" dmin="0" dmax="0" x="6852.67" z="8501.33" r="50" d="25"/>
                <zone name="Graze" smin="0" smax="0" dmin="0" dmax="0" x="7292" z="8140.67" r="50" d="25"/>
                <zone name="Graze" smin="0" smax="0" dmin="0" dmax="0" x="7330" z="8077.33" r="50" d="25"/>
                <zone name="Graze" smin="0" smax="0" dmin="0" dmax="0" x="7812" z="7388.67" r="50" d="25"/>
                <zone name="Graze" smin="0" smax="0" dmin="0" dmax="0" x="7320.67" z="6868" r="50" d="25"/>
                <zone name="Graze" smin="0" smax="0" dmin="0" dmax="0" x="5015.33" z="6520.67" r="50" d="25"/>
                <zone name="Graze" smin="0" smax="0" dmin="0" dmax="0" x="3903.33" z="7077.33" r="50" d="25"/>
                <zone name="Graze" smin="0" smax="0" dmin="0" dmax="0" x="1540" z="5882" r="50" d="25"/>
                <zone name="Graze" smin="0" smax="0" dmin="0" dmax="0" x="1417" z="6248" r="50" d="25"/>
                <zone name="Graze" smin="0" smax="0" dmin="0" dmax="0" x="1770" z="5908" r="50" d="25"/>
                <zone name="Graze" smin="0" smax="0" dmin="0" dmax="0" x="4690" z="1210" r="50" d="25"/>
                <zone name="Graze" smin="0" smax="0" dmin="0" dmax="0" x="4532.73" z="1457.27" r="50" d="25"/>
                <zone name="Graze" smin="0" smax="0" dmin="0" dmax="0" x="4690.91" z="1517.27" r="50" d="25"/>
                <zone name="Graze" smin="0" smax="0" dmin="0" dmax="0" x="9125.45" z="4420.91" r="50" d="25"/>
                <zone name="Graze" smin="0" smax="0" dmin="0" dmax="0" x="9395.45" z="5932.73" r="50" d="25"/>
                <zone name="Graze" smin="0" smax="0" dmin="0" dmax="0" x="9383.64" z="8327.27" r="50" d="25"/>
                <zone name="Graze" smin="0" smax="0" dmin="0" dmax="0" x="8039.09" z="9524.55" r="50" d="25"/>
                <zone name="Graze" smin="0" smax="0" dmin="0" dmax="0" x="5879.09" z="9010.91" r="50" d="25"/>
                <zone name="HuntingGround" smin="0" smax="0" dmin="0" dmax="0" x="4640" z="9150" r="75" d="25"/>
            </territory>
        </territory-type>
        <territory-type name="cattle_territories">
            <territory name="cow" visible="1" color="4291464077">
                <zone name="Graze" smin="0" smax="0" dmin="0" dmax="0" x="3821.33" z="8948.67" r="50" d="2"/>
                <zone name="Graze" smin="0" smax="0" dmin="0" dmax="0" x="4780.67" z="9102" r="50" d="2"/>
                <zone name="Graze" smin="0" smax="0" dmin="0" dmax="0" x="3829.17" z="9227.5" r="50" d="2"/>
                <zone name="Graze" smin="0" smax="0" dmin="0" dmax="0" x="3624.17" z="9642.5" r="50" d="2"/>
                <zone name="Graze" smin="0" smax="0" dmin="0" dmax="0" x="6848.75" z="8673.75" r="50" d="2"/>
                <zone name="Graze" smin="0" smax="0" dmin="0" dmax="0" x="7641.25" z="8782.5" r="50" d="2"/>
                <zone name="Graze" smin="0" smax="0" dmin="0" dmax="0" x="7235" z="9770" r="50" d="2"/>
                <zone name="Graze" smin="0" smax="0" dmin="0" dmax="0" x="8191.25" z="6937.5" r="50" d="2"/>
                <zone name="Graze" smin="0" smax="0" dmin="0" dmax="0" x="7323.75" z="6322.5" r="50" d="2"/>
                <zone name="Graze" smin="0" smax="0" dmin="0" dmax="0" x="8580" z="4538" r="50" d="2"/>
                <zone name="Graze" smin="0" smax="0" dmin="0" dmax="0" x="8970" z="2994" r="50" d="2"/>
                <zone name="Graze" smin="0" smax="0" dmin="0" dmax="0" x="8902" z="1800" r="50" d="2"/>
                <zone name="Graze" smin="0" smax="0" dmin="0" dmax="0" x="7684" z="962" r="50" d="2"/>
                <zone name="Graze" smin="0" smax="0" dmin="0" dmax="0" x="4961.25" z="1442.5" r="50" d="2"/>
                <zone name="Graze" smin="0" smax="0" dmin="0" dmax="0" x="4971.25" z="1130" r="50" d="2"/>
                <zone name="Graze" smin="0" smax="0" dmin="0" dmax="0" x="5456.25" z="860" r="50" d="2"/>
                <zone name="Graze" smin="0" smax="0" dmin="0" dmax="0" x="745.556" z="6118.89" r="50" d="2"/>
                <zone name="Graze" smin="0" smax="0" dmin="0" dmax="0" x="1807.78" z="6152.22" r="50" d="2"/>
                <zone name="Graze" smin="0" smax="0" dmin="0" dmax="0" x="921.111" z="7473.33" r="50" d="2"/>
                <zone name="Graze" smin="0" smax="0" dmin="0" dmax="0" x="1728.89" z="7691.11" r="50" d="2"/>
                <zone name="Graze" smin="0" smax="0" dmin="0" dmax="0" x="5077.5" z="6693.13" r="50" d="2"/>
                <zone name="Graze" smin="0" smax="0" dmin="0" dmax="0" x="4781.88" z="6343.75" r="50" d="2"/>
                <zone name="Graze" smin="0" smax="0" dmin="0" dmax="0" x="5759.17" z="8172.5" r="50" d="2"/>
                <zone name="Graze" smin="0" smax="0" dmin="0" dmax="0" x="300" z="8130" r="50" d="25"/>
                <zone name="Graze" smin="0" smax="0" dmin="0" dmax="0" x="1250" z="4280" r="50" d="25"/>
                <zone name="Graze" smin="0" smax="0" dmin="0" dmax="0" x="3000" z="1350" r="50" d="25"/>
                <zone name="Graze" smin="0" smax="0" dmin="0" dmax="0" x="6800" z="1740" r="50" d="25"/>
                <zone name="Graze" smin="0" smax="0" dmin="0" dmax="0" x="9540" z="8080" r="50" d="25"/>
                <zone name="Graze" smin="0" smax="0" dmin="0" dmax="0" x="8430" z="7770" r="50" d="25"/>
            </territory>
        </territory-type>
        <territory-type name="hen_territories">
            <territory name="Barrington" visible="1" color="1879035020">
                <zone name="Graze" smin="0" smax="0" dmin="0" dmax="0" x="3988.33" z="9203.33" r="50" d="25"/>
                <zone name="Graze" smin="0" smax="0" dmin="0" dmax="0" x="4600.83" z="9445" r="50" d="25"/>
                <zone name="Graze" smin="0" smax="0" dmin="0" dmax="0" x="4113.33" z="9698.33" r="50" d="25"/>
                <zone name="Graze" smin="0" smax="0" dmin="0" dmax="0" x="4219.17" z="9195.83" r="50" d="25"/>
                <zone name="Graze" smin="0" smax="0" dmin="0" dmax="0" x="4310" z="9451.67" r="50" d="25"/>
                <zone name="Graze" smin="0" smax="0" dmin="0" dmax="0" x="3878.33" z="9579.17" r="50" d="25"/>
                <zone name="Graze" smin="0" smax="0" dmin="0" dmax="0" x="4170" z="9084.17" r="50" d="25"/>
                <zone name="Graze" smin="0" smax="0" dmin="0" dmax="0" x="5966.25" z="9784.38" r="50" d="25"/>
                <zone name="Graze" smin="0" smax="0" dmin="0" dmax="0" x="7818.33" z="9935.56" r="50" d="25"/>
                <zone name="Graze" smin="0" smax="0" dmin="0" dmax="0" x="7658.33" z="9914.44" r="50" d="25"/>
                <zone name="Graze" smin="0" smax="0" dmin="0" dmax="0" x="7758.89" z="9893.89" r="50" d="25"/>
                <zone name="Graze" smin="0" smax="0" dmin="0" dmax="0" x="8595" z="9466.67" r="50" d="25"/>
                <zone name="Graze" smin="0" smax="0" dmin="0" dmax="0" x="8718.89" z="9442.22" r="50" d="25"/>
                <zone name="Graze" smin="0" smax="0" dmin="0" dmax="0" x="8648.33" z="9362.78" r="50" d="25"/>
                <zone name="Graze" smin="0" smax="0" dmin="0" dmax="0" x="8729.67" z="8350.67" r="50" d="25"/>
                <zone name="Graze" smin="0" smax="0" dmin="0" dmax="0" x="9559.44" z="8441.11" r="50" d="25"/>
                <zone name="Graze" smin="0" smax="0" dmin="0" dmax="0" x="9461.11" z="8356.11" r="50" d="25"/>
                <zone name="Graze" smin="0" smax="0" dmin="0" dmax="0" x="8928.57" z="5872.14" r="50" d="25"/>
                <zone name="Graze" smin="0" smax="0" dmin="0" dmax="0" x="9037.67" z="5878.67" r="50" d="25"/>
                <zone name="Graze" smin="0" smax="0" dmin="0" dmax="0" x="9013.85" z="4190.77" r="50" d="25"/>
                <zone name="Graze" smin="0" smax="0" dmin="0" dmax="0" x="8996.92" z="4281.54" r="50" d="25"/>
                <zone name="Graze" smin="0" smax="0" dmin="0" dmax="0" x="8910" z="4241.54" r="50" d="25"/>
                <zone name="Graze" smin="0" smax="0" dmin="0" dmax="0" x="6362.31" z="4393.08" r="50" d="25"/>
                <zone name="Graze" smin="0" smax="0" dmin="0" dmax="0" x="6494.62" z="4410.77" r="50" d="25"/>
                <zone name="Graze" smin="0" smax="0" dmin="0" dmax="0" x="6497.69" z="4700" r="50" d="25"/>
                <zone name="Graze" smin="0" smax="0" dmin="0" dmax="0" x="5405" z="666" r="50" d="25"/>
                <zone name="Graze" smin="0" smax="0" dmin="0" dmax="0" x="5312" z="752" r="50" d="25"/>
                <zone name="Graze" smin="0" smax="0" dmin="0" dmax="0" x="5271" z="635" r="50" d="25"/>
                <zone name="Graze" smin="0" smax="0" dmin="0" dmax="0" x="4384.17" z="1495.83" r="50" d="25"/>
                <zone name="Graze" smin="0" smax="0" dmin="0" dmax="0" x="4786.67" z="1138.33" r="50" d="25"/>
                <zone name="Graze" smin="0" smax="0" dmin="0" dmax="0" x="4712.5" z="1218.33" r="50" d="25"/>
                <zone name="Water" smin="0" smax="0" dmin="0" dmax="0" x="3028.57" z="4212.86" r="50" d="25"/>
                <zone name="Graze" smin="0" smax="0" dmin="0" dmax="0" x="1544.29" z="6324.29" r="50" d="25"/>
                <zone name="Graze" smin="0" smax="0" dmin="0" dmax="0" x="1532.86" z="5887.14" r="50" d="25"/>
                <zone name="Graze" smin="0" smax="0" dmin="0" dmax="0" x="1698.57" z="5967.14" r="50" d="25"/>
                <zone name="Graze" smin="0" smax="0" dmin="0" dmax="0" x="1490" z="6010" r="50" d="25"/>
                <zone name="Graze" smin="0" smax="0" dmin="0" dmax="0" x="849.333" z="7224.67" r="50" d="25"/>
                <zone name="Graze" smin="0" smax="0" dmin="0" dmax="0" x="1095.33" z="7151.33" r="50" d="25"/>
                <zone name="Graze" smin="0" smax="0" dmin="0" dmax="0" x="3951.18" z="7190.59" r="50" d="25"/>
                <zone name="Graze" smin="0" smax="0" dmin="0" dmax="0" x="4085.29" z="7002.94" r="50" d="25"/>
                <zone name="Graze" smin="0" smax="0" dmin="0" dmax="0" x="7288.18" z="8140.91" r="50" d="25"/>
                <zone name="Graze" smin="0" smax="0" dmin="0" dmax="0" x="5154.55" z="7658.18" r="50" d="25"/>
                <zone name="Graze" smin="0" smax="0" dmin="0" dmax="0" x="5299.09" z="7595.45" r="50" d="25"/>
                <zone name="Graze" smin="0" smax="0" dmin="0" dmax="0" x="5328.18" z="7697.27" r="50" d="25"/>
                <zone name="Graze" smin="0" smax="0" dmin="0" dmax="0" x="5158.18" z="7572.73" r="50" d="25"/>
                <zone name="Graze" smin="0" smax="0" dmin="0" dmax="0" x="3070" z="2700" r="50" d="25"/>
                <zone name="Graze" smin="0" smax="0" dmin="0" dmax="0" x="3105" z="2415" r="50" d="25"/>
                <zone name="Graze" smin="0" smax="0" dmin="0" dmax="0" x="1470" z="8780" r="50" d="25"/>
                <zone name="Graze" smin="0" smax="0" dmin="0" dmax="0" x="7638.89" z="8878.89" r="50" d="25"/>
                <zone name="Graze" smin="0" smax="0" dmin="0" dmax="0" x="6763.33" z="7398.89" r="50" d="25"/>
            </territory>
        </territory-type>
        <territory-type name="red_deer_territories">
            <territory name="wild-goes-with-roe" visible="1" color="2035635711">
                <zone name="Rest" smin="0" smax="0" dmin="0" dmax="0" x="9210" z="7550" r="250" d="25"/>
                <zone name="Rest" smin="0" smax="0" dmin="0" dmax="0" x="6830" z="9170" r="250" d="25"/>
                <zone name="Rest" smin="0" smax="0" dmin="0" dmax="0" x="2505" z="8065" r="250" d="25"/>
                <zone name="Rest" smin="0" smax="0" dmin="0" dmax="0" x="845" z="8160" r="250" d="25"/>
                <zone name="Rest" smin="0" smax="0" dmin="0" dmax="0" x="2590" z="2645" r="250" d="25"/>
                <zone name="Rest" smin="0" smax="0" dmin="0" dmax="0" x="1065" z="1455" r="250" d="25"/>
                <zone name="Rest" smin="0" smax="0" dmin="0" dmax="0" x="4545" z="245" r="250" d="25"/>
                <zone name="Rest" smin="0" smax="0" dmin="0" dmax="0" x="9490" z="3895" r="250" d="25"/>
                <zone name="Rest" smin="0" smax="0" dmin="0" dmax="0" x="6360" z="3690" r="250" d="25"/>
                <zone name="Water" smin="0" smax="0" dmin="0" dmax="0" x="7131.67" z="1955" r="300" d="25"/>
                <zone name="Water" smin="0" smax="0" dmin="0" dmax="0" x="7770" z="3541.67" r="300" d="25"/>
                <zone name="Water" smin="0" smax="0" dmin="0" dmax="0" x="3218" z="7724" r="300" d="25"/>
                <zone name="Graze" smin="0" smax="0" dmin="0" dmax="0" x="6560" z="3560" r="50" d="25"/>
                <zone name="Graze" smin="0" smax="0" dmin="0" dmax="0" x="2410" z="7440" r="50" d="25"/>
                <zone name="Graze" smin="0" smax="0" dmin="0" dmax="0" x="550" z="8810" r="50" d="25"/>
                <zone name="Graze" smin="0" smax="0" dmin="0" dmax="0" x="1760" z="2760" r="50" d="25"/>
            </territory>
        </territory-type>
        <territory-type name="roe_deer_territories">
            <territory name="wild-goes-with-red" visible="1" color="2421555071">
                <zone name="Rest" smin="0" smax="0" dmin="0" dmax="0" x="1165" z="7770" r="250" d="25"/>
                <zone name="Rest" smin="0" smax="0" dmin="0" dmax="0" x="7395" z="3335" r="250" d="25"/>
                <zone name="Rest" smin="0" smax="0" dmin="0" dmax="0" x="1590" z="1790" r="250" d="25"/>
                <zone name="Rest" smin="0" smax="0" dmin="0" dmax="0" x="3820" z="960" r="250" d="25"/>
                <zone name="Rest" smin="0" smax="0" dmin="0" dmax="0" x="7195" z="9205" r="250" d="25"/>
                <zone name="Rest" smin="0" smax="0" dmin="0" dmax="0" x="8960" z="7430" r="250" d="25"/>
                <zone name="Rest" smin="0" smax="0" dmin="0" dmax="0" x="2440" z="2825" r="250" d="25"/>
                <zone name="Rest" smin="0" smax="0" dmin="0" dmax="0" x="9490" z="3680" r="250" d="25"/>
                <zone name="" smin="0" smax="0" dmin="0" dmax="0" x="1740" z="2710" r="50" d="25"/>
                <zone name="Graze" smin="0" smax="0" dmin="0" dmax="0" x="607.5" z="8730" r="50" d="25"/>
            </territory>
        </territory-type>
    </territory-type-list>
</zg-config>
