<?xml version="1.0" encoding="UTF-8"?>
<territory-type>
    <territory color="864420070">
        <zone name="Graze" smin="0" smax="0" dmin="0" dmax="0" x="7659.38" z="7229.31" r="80"/>
        <zone name="Graze" smin="0" smax="0" dmin="0" dmax="0" x="6658.76" z="8652.89" r="80"/>
        <zone name="Graze" smin="0" smax="0" dmin="0" dmax="0" x="1123" z="6011" r="60"/> <!--  Addersfield  -->
        <zone name="Graze" smin="0" smax="0" dmin="0" dmax="0" x="651" z="7167" r="60"/> <!--  West Hydeswor  -->
        <territory color="4291464077">
        <zone name="Graze" smin="0" smax="0" dmin="0" dmax="0" x="3821.33" z="8948.67" r="50"/>
        <zone name="Graze" smin="0" smax="0" dmin="0" dmax="0" x="4780.67" z="9102" r="50"/>
        <zone name="Graze" smin="0" smax="0" dmin="0" dmax="0" x="3829.17" z="9227.5" r="50"/>
        <zone name="Graze" smin="0" smax="0" dmin="0" dmax="0" x="3624.17" z="9642.5" r="50"/>
        <zone name="Graze" smin="0" smax="0" dmin="0" dmax="0" x="6848.75" z="8673.75" r="50"/>
        <zone name="Graze" smin="0" smax="0" dmin="0" dmax="0" x="7641.25" z="8782.5" r="50"/>
        <zone name="Graze" smin="0" smax="0" dmin="0" dmax="0" x="7235" z="9770" r="50"/>
        <zone name="Graze" smin="0" smax="0" dmin="0" dmax="0" x="8191.25" z="6937.5" r="50"/>
        <zone name="Graze" smin="0" smax="0" dmin="0" dmax="0" x="7323.75" z="6322.5" r="50"/>
        <zone name="Graze" smin="0" smax="0" dmin="0" dmax="0" x="8580" z="4538" r="50"/>
        <zone name="Graze" smin="0" smax="0" dmin="0" dmax="0" x="8970" z="2994" r="50"/>
        <zone name="Graze" smin="0" smax="0" dmin="0" dmax="0" x="8902" z="1800" r="50"/>
        <zone name="Graze" smin="0" smax="0" dmin="0" dmax="0" x="7684" z="962" r="50"/>
        <zone name="Graze" smin="0" smax="0" dmin="0" dmax="0" x="4961.25" z="1442.5" r="50"/>
        <zone name="Graze" smin="0" smax="0" dmin="0" dmax="0" x="4971.25" z="1130" r="50"/>
        <zone name="Graze" smin="0" smax="0" dmin="0" dmax="0" x="5456.25" z="860" r="50"/>
        <zone name="Graze" smin="0" smax="0" dmin="0" dmax="0" x="745.556" z="6118.89" r="50"/>
        <zone name="Graze" smin="0" smax="0" dmin="0" dmax="0" x="1807.78" z="6152.22" r="50"/>
        <zone name="Graze" smin="0" smax="0" dmin="0" dmax="0" x="921.111" z="7473.33" r="50"/>
        <zone name="Graze" smin="0" smax="0" dmin="0" dmax="0" x="1728.89" z="7691.11" r="50"/>
        <zone name="Graze" smin="0" smax="0" dmin="0" dmax="0" x="5077.5" z="6693.13" r="50"/>
        <zone name="Graze" smin="0" smax="0" dmin="0" dmax="0" x="4781.88" z="6343.75" r="50"/>
        <zone name="Graze" smin="0" smax="0" dmin="0" dmax="0" x="5759.17" z="8172.5" r="50"/>
        <zone name="Graze" smin="0" smax="0" dmin="0" dmax="0" x="300" z="8130" r="50"/>
        <zone name="Graze" smin="0" smax="0" dmin="0" dmax="0" x="1250" z="4280" r="50"/>
        <zone name="Graze" smin="0" smax="0" dmin="0" dmax="0" x="3000" z="1350" r="50"/>
        <zone name="Graze" smin="0" smax="0" dmin="0" dmax="0" x="6800" z="1740" r="50"/>
        <zone name="Graze" smin="0" smax="0" dmin="0" dmax="0" x="9540" z="8080" r="50"/>
        <zone name="Graze" smin="0" smax="0" dmin="0" dmax="0" x="8430" z="7770" r="50"/>
    </territory>
    <territory color="1879035020">
        <zone name="Graze" smin="0" smax="0" dmin="0" dmax="0" x="3988.33" z="9203.33" r="50"/>
        <zone name="Graze" smin="0" smax="0" dmin="0" dmax="0" x="4600.83" z="9445" r="50"/>
        <zone name="Graze" smin="0" smax="0" dmin="0" dmax="0" x="4113.33" z="9698.33" r="50"/>
        <zone name="Graze" smin="0" smax="0" dmin="0" dmax="0" x="4219.17" z="9195.83" r="50"/>
        <zone name="Graze" smin="0" smax="0" dmin="0" dmax="0" x="4310" z="9451.67" r="50"/>
        <zone name="Graze" smin="0" smax="0" dmin="0" dmax="0" x="3878.33" z="9579.17" r="50"/>
        <zone name="Graze" smin="0" smax="0" dmin="0" dmax="0" x="4170" z="9084.17" r="50"/>
        <zone name="Graze" smin="0" smax="0" dmin="0" dmax="0" x="5966.25" z="9784.38" r="50"/>
        <zone name="Graze" smin="0" smax="0" dmin="0" dmax="0" x="7818.33" z="9935.56" r="50"/>
        <zone name="Graze" smin="0" smax="0" dmin="0" dmax="0" x="7658.33" z="9914.44" r="50"/>
        <zone name="Graze" smin="0" smax="0" dmin="0" dmax="0" x="7758.89" z="9893.89" r="50"/>
        <zone name="Graze" smin="0" smax="0" dmin="0" dmax="0" x="8595" z="9466.67" r="50"/>
        <zone name="Graze" smin="0" smax="0" dmin="0" dmax="0" x="8718.89" z="9442.22" r="50"/>
        <zone name="Graze" smin="0" smax="0" dmin="0" dmax="0" x="8648.33" z="9362.78" r="50"/>
        <zone name="Graze" smin="0" smax="0" dmin="0" dmax="0" x="8729.67" z="8350.67" r="50"/>
        <zone name="Graze" smin="0" smax="0" dmin="0" dmax="0" x="9559.44" z="8441.11" r="50"/>
        <zone name="Graze" smin="0" smax="0" dmin="0" dmax="0" x="9461.11" z="8356.11" r="50"/>
        <zone name="Graze" smin="0" smax="0" dmin="0" dmax="0" x="8928.57" z="5872.14" r="50"/>
        <zone name="Graze" smin="0" smax="0" dmin="0" dmax="0" x="9037.67" z="5878.67" r="50"/>
        <zone name="Graze" smin="0" smax="0" dmin="0" dmax="0" x="9013.85" z="4190.77" r="50"/>
        <zone name="Graze" smin="0" smax="0" dmin="0" dmax="0" x="8996.92" z="4281.54" r="50"/>
        <zone name="Graze" smin="0" smax="0" dmin="0" dmax="0" x="8910" z="4241.54" r="50"/>
        <zone name="Graze" smin="0" smax="0" dmin="0" dmax="0" x="6362.31" z="4393.08" r="50"/>
        <zone name="Graze" smin="0" smax="0" dmin="0" dmax="0" x="6494.62" z="4410.77" r="50"/>
        <zone name="Graze" smin="0" smax="0" dmin="0" dmax="0" x="6497.69" z="4700" r="50"/>
        <zone name="Graze" smin="0" smax="0" dmin="0" dmax="0" x="5405" z="666" r="50"/>
        <zone name="Graze" smin="0" smax="0" dmin="0" dmax="0" x="5312" z="752" r="50"/>
        <zone name="Graze" smin="0" smax="0" dmin="0" dmax="0" x="5271" z="635" r="50"/>
        <zone name="Graze" smin="0" smax="0" dmin="0" dmax="0" x="4384.17" z="1495.83" r="50"/>
        <zone name="Graze" smin="0" smax="0" dmin="0" dmax="0" x="4786.67" z="1138.33" r="50"/>
        <zone name="Graze" smin="0" smax="0" dmin="0" dmax="0" x="4712.5" z="1218.33" r="50"/>
        <zone name="Water" smin="0" smax="0" dmin="0" dmax="0" x="3028.57" z="4212.86" r="50"/>
        <zone name="Graze" smin="0" smax="0" dmin="0" dmax="0" x="1544.29" z="6324.29" r="50"/>
        <zone name="Graze" smin="0" smax="0" dmin="0" dmax="0" x="1532.86" z="5887.14" r="50"/>
        <zone name="Graze" smin="0" smax="0" dmin="0" dmax="0" x="1698.57" z="5967.14" r="50"/>
        <zone name="Graze" smin="0" smax="0" dmin="0" dmax="0" x="1490" z="6010" r="50"/>
        <zone name="Graze" smin="0" smax="0" dmin="0" dmax="0" x="849.333" z="7224.67" r="50"/>
        <zone name="Graze" smin="0" smax="0" dmin="0" dmax="0" x="1095.33" z="7151.33" r="50"/>
        <zone name="Graze" smin="0" smax="0" dmin="0" dmax="0" x="3951.18" z="7190.59" r="50"/>
        <zone name="Graze" smin="0" smax="0" dmin="0" dmax="0" x="4085.29" z="7002.94" r="50"/>
        <zone name="Graze" smin="0" smax="0" dmin="0" dmax="0" x="7288.18" z="8140.91" r="50"/>
        <zone name="Graze" smin="0" smax="0" dmin="0" dmax="0" x="5154.55" z="7658.18" r="50"/>
        <zone name="Graze" smin="0" smax="0" dmin="0" dmax="0" x="5299.09" z="7595.45" r="50"/>
        <zone name="Graze" smin="0" smax="0" dmin="0" dmax="0" x="5328.18" z="7697.27" r="50"/>
        <zone name="Graze" smin="0" smax="0" dmin="0" dmax="0" x="5158.18" z="7572.73" r="50"/>
        <zone name="Graze" smin="0" smax="0" dmin="0" dmax="0" x="3070" z="2700" r="50"/>
        <zone name="Graze" smin="0" smax="0" dmin="0" dmax="0" x="3105" z="2415" r="50"/>
        <zone name="Graze" smin="0" smax="0" dmin="0" dmax="0" x="1470" z="8780" r="50"/>
        <zone name="Graze" smin="0" smax="0" dmin="0" dmax="0" x="7638.89" z="8878.89" r="50"/>
        <zone name="Graze" smin="0" smax="0" dmin="0" dmax="0" x="6763.33" z="7398.89" r="50"/>
    </territory>
    </territory>
</territory-type>
