<?xml version="1.0" encoding="UTF-8"?>
<territory-type>
    <territory color="1090576876">
        <zone name="Graze" smin="0" smax="0" dmin="0" dmax="0" x="2700" z="9001" r="55"/>
        <zone name="Graze" smin="0" smax="0" dmin="0" dmax="0" x="6678" z="9000" r="50"/>
        <zone name="Graze" smin="0" smax="0" dmin="0" dmax="0" x="4215" z="6354" r="50"/>

        <zone name="Graze" smin="0" smax="0" dmin="0" dmax="0" x="2000.26" z="8020.2" r="60"/>
        <zone name="Graze" smin="0" smax="0" dmin="0" dmax="0" x="6001.26" z="9023.72" r="50"/>
        <zone name="Graze" smin="0" smax="0" dmin="0" dmax="0" x="3008.72" z="7053.06" r="50"/>
        <zone name="Graze" smin="0" smax="0" dmin="0" dmax="0" x="2085.12" z="9055.55" r="50"/>
        <zone name="Graze" smin="0" smax="0" dmin="0" dmax="0" x="1000" z="7040" r="50"/>
        <zone name="Graze" smin="0" smax="0" dmin="0" dmax="0" x="1036" z="5000" r="50"/>
        <zone name="Graze" smin="0" smax="0" dmin="0" dmax="0" x="6040" z="3000" r="50"/>

        <zone name="Graze" smin="0" smax="0" dmin="0" dmax="0" x="3780.11" z="6617.39" r="50"/>
        <zone name="Graze" smin="0" smax="0" dmin="0" dmax="0" x="2140.16" z="8125.42" r="50"/>
        <zone name="Graze" smin="0" smax="0" dmin="0" dmax="0" x="867.87" z="7938.68" r="50"/>
        <zone name="Graze" smin="0" smax="0" dmin="0" dmax="0" x="2789.70" z="9092.43" r="50"/>
        <zone name="Graze" smin="0" smax="0" dmin="0" dmax="0" x="4792.11" z="6043.69" r="50"/>
        <zone name="Graze" smin="0" smax="0" dmin="0" dmax="0" x="1814.69" z="5232.39" r="50"/>
        <zone name="Graze" smin="0" smax="0" dmin="0" dmax="0" x="854.75" z="8003.10" r="50"/>
        <zone name="Graze" smin="0" smax="0" dmin="0" dmax="0" x="1552.82" z="5492.21" r="55"/>
        <zone name="Graze" smin="0" smax="0" dmin="0" dmax="0" x="836.32" z="1195.81" r="55"/>
        <zone name="Graze" smin="0" smax="0" dmin="0" dmax="0" x="4274.44" z="958.75" r="50"/>

        <zone name="Graze" smin="0" smax="0" dmin="0" dmax="0" x="7985.53" z="1597.15" r="120"/>
        <zone name="Graze" smin="0" smax="0" dmin="0" dmax="0" x="8530.81" z="1082.60" r="120"/>
    </territory>
        <territory color="2421555071"><!--ADDED-->
        <zone name="Rest" smin="0" smax="0" dmin="0" dmax="0" x="1165" z="7770" r="250"/>
        <zone name="Rest" smin="0" smax="0" dmin="0" dmax="0" x="7395" z="3335" r="250"/>
        <zone name="Rest" smin="0" smax="0" dmin="0" dmax="0" x="1590" z="1790" r="250"/>
        <zone name="Rest" smin="0" smax="0" dmin="0" dmax="0" x="3820" z="960" r="250"/>
        <zone name="Rest" smin="0" smax="0" dmin="0" dmax="0" x="7195" z="9205" r="250"/>
        <zone name="Rest" smin="0" smax="0" dmin="0" dmax="0" x="8960" z="7430" r="250"/>
        <zone name="Rest" smin="0" smax="0" dmin="0" dmax="0" x="2440" z="2825" r="250"/>
        <zone name="Rest" smin="0" smax="0" dmin="0" dmax="0" x="9490" z="3680" r="250"/>
        <zone name="Graze" smin="0" smax="0" dmin="0" dmax="0" x="1740" z="2710" r="50"/>
        <zone name="Graze" smin="0" smax="0" dmin="0" dmax="0" x="607.5" z="8730" r="50"/>
    </territory>
        
</territory-type>
